<?xml version="1.0" encoding="utf-8" standalone="no"?>
<problem revision="20" short-name="hot-meals-and-queue-full" url="https://polygon.codeforces.com/p0d6IiH/JuJo/hot-meals-and-queue-full">
    <names>
        <name language="english" value="Hot meals and queues"/>
        <name language="russian" value="Горячие обеды и очереди"/>
    </names>
    <statements>
        <statement charset="UTF-8" language="english" mathjax="true" path="statements/english/problem.tex" type="application/x-tex"/>
        <statement charset="UTF-8" language="russian" mathjax="true" path="statements/russian/problem.tex" type="application/x-tex"/>
        <statement charset="UTF-8" language="english" mathjax="true" path="statements/.html/english/problem.html" type="text/html"/>
        <statement charset="UTF-8" language="russian" mathjax="true" path="statements/.html/russian/problem.html" type="text/html"/>
        <statement language="english" path="statements/.pdf/english/problem.pdf" type="application/pdf"/>
        <statement language="russian" path="statements/.pdf/russian/problem.pdf" type="application/pdf"/>
    </statements>
    <judging cpu-name="Intel(R) Core(TM) i3-8100 CPU @ 3.60GHz" cpu-speed="3600" input-file="" output-file="" run-count="1">
        <testset name="tests">
            <time-limit>4000</time-limit>
            <memory-limit>268435456</memory-limit>
            <test-count>13</test-count>
            <input-path-pattern>tests/%02d</input-path-pattern>
            <answer-path-pattern>tests/%02d.a</answer-path-pattern>
            <tests>
                <test method="manual" sample="true"/>
                <test cmd="gen_q0 100000 -15" method="generated"/>
                <test cmd="gen 100000 1000 13 1 5" method="generated"/>
                <test cmd="gen 100000 100000 18 2 1" method="generated"/>
                <test cmd="gen 100000 100000 15 1 2" method="generated"/>
                <test cmd="gen 100000 100000 3 0 7" method="generated"/>
                <test cmd="gen 100000 100000 33 2 1" method="generated"/>
                <test cmd="gen 100000 100000 16 2 4 meow" method="generated"/>
                <test cmd="gen 500000 500000 33 1 1 dba13" method="generated"/>
                <test cmd="gen 500000 500000 32 2 1 dba11" method="generated"/>
                <test cmd="gen 500000 500000 35 2 1 a2" method="generated"/>
                <test cmd="gen 500000 500000 3 0 7 cba21" method="generated"/>
                <test cmd="gen 500000 500000 9 0 7 cba21" method="generated"/>
            </tests>
        </testset>
    </judging>
    <files>
        <resources>
            <file path="files/olymp.sty"/>
            <file path="files/problem.tex"/>
            <file path="files/statements.ftl"/>
            <file path="files/testlib.h" type="h.g++"/>
        </resources>
        <executables>
            <executable>
                <source path="files/gen.cpp" type="cpp.g++17"/>
            </executable>
            <executable>
                <source path="files/gen2.cpp" type="cpp.g++17"/>
            </executable>
            <executable>
                <source path="files/gen_q0.cpp" type="cpp.g++17"/>
            </executable>
            <executable>
                <source path="files/validator.cpp" type="cpp.g++17"/>
            </executable>
        </executables>
    </files>
    <assets>
        <checker name="std::lcmp.cpp" type="testlib">
            <source path="files/check.cpp" type="cpp.g++17"/>
            <copy path="check.cpp"/>
            <testset>
                <test-count>0</test-count>
                <input-path-pattern>files/tests/checker-tests/%02d</input-path-pattern>
                <output-path-pattern>files/tests/checker-tests/%02d.o</output-path-pattern>
                <answer-path-pattern>files/tests/checker-tests/%02d.a</answer-path-pattern>
                <tests/>
            </testset>
        </checker>
        <validators>
            <validator>
                <source path="files/validator.cpp" type="cpp.g++17"/>
                <testset>
                    <test-count>0</test-count>
                    <input-path-pattern>files/tests/validator-tests/%02d</input-path-pattern>
                    <tests/>
                </testset>
            </validator>
        </validators>
        <solutions>
            <solution tag="rejected">
                <source path="solutions/n_sqrt_log_1.cpp" type="cpp.g++17"/>
            </solution>
            <solution tag="rejected">
                <source path="solutions/n_sqrt_log_1_k_1400.cpp" type="cpp.g++17"/>
            </solution>
            <solution tag="rejected">
                <source path="solutions/n_sqrt_log_1_k_1600.cpp" type="cpp.g++17"/>
            </solution>
            <solution tag="rejected">
                <source path="solutions/n_sqrt_log_1_subtask3.cpp" type="cpp.g++17"/>
            </solution>
            <solution tag="time-limit-exceeded">
                <source path="solutions/nq.cpp" type="cpp.g++17"/>
            </solution>
            <solution tag="time-limit-exceeded">
                <source path="solutions/nqlog.cpp" type="cpp.g++17"/>
            </solution>
            <solution tag="rejected">
                <source path="solutions/nqlog_mind.cpp" type="cpp.g++17"/>
            </solution>
            <solution tag="main">
                <source path="solutions/solve.cpp" type="cpp.g++17"/>
            </solution>
            <solution tag="time-limit-exceeded">
                <source path="solutions/umnik_n2.cpp" type="cpp.g++17"/>
            </solution>
            <solution tag="time-limit-exceeded-or-accepted">
                <source path="solutions/umnik_nsqrtnlog_2.cpp" type="cpp.g++17"/>
            </solution>
            <solution tag="time-limit-exceeded-or-accepted">
                <source path="solutions/umnik_nsqrtnlog_5.cpp" type="cpp.g++17"/>
            </solution>
            <solution tag="time-limit-exceeded-or-accepted">
                <source path="solutions/umnik_qlog2.cpp" type="cpp.g++17"/>
            </solution>
            <solution tag="accepted">
                <source path="solutions/umnik_qlog2_faster.cpp" type="cpp.g++17"/>
            </solution>
        </solutions>
    </assets>
    <properties>
        <property name="tests-wellformed" value="true"/>
    </properties>
    <stresses>
        <stress-count>2</stress-count>
        <stress-path-pattern>stresses/%03d</stress-path-pattern>
        <list>
            <stress index="2" path="stresses/002"/>
            <stress index="1" path="stresses/001"/>
        </list>
    </stresses>
    <tags>
        <tag value="medium-hard"/>
        <tag value="segment-tree"/>
    </tags>
</problem>
